date,rooms_available,rooms_occupied,occupancy_rate,adr,revpar,room_revenue,bookings_made,cancellations
2024-09-01,74,58,0.7838,301.17,236.05,17467.86,41,3
2024-09-02,74,60,0.8108,295.51,239.6,17730.6,17,1
2024-09-03,74,59,0.7973,282.52,225.25,16668.68,22,5
2024-09-04,74,49,0.6622,281.2,186.2,13778.8,19,4
2024-09-05,74,51,0.6892,280.55,193.35,14308.05,21,4
2024-09-06,74,73,0.9865,307.12,302.97,22419.76,29,4
2024-09-07,74,74,1.0,308.26,308.26,22811.24,32,1
2024-09-08,74,74,1.0,301.29,301.29,22295.46,20,2
2024-09-09,74,68,0.9189,294.77,270.87,20044.36,17,2
2024-09-10,74,47,0.6351,285.89,181.58,13436.83,21,2
2024-09-11,74,43,0.5811,284.61,165.38,12238.23,23,0
2024-09-12,74,54,0.7297,281.44,205.38,15197.76,35,5
2024-09-13,74,59,0.7973,295.85,235.88,17455.15,21,3
2024-09-14,74,73,0.9865,303.95,299.84,22188.35,18,2
2024-09-15,74,57,0.7703,292.87,225.59,16693.59,32,1
2024-09-16,74,58,0.7838,287.16,225.07,16655.28,33,4
2024-09-17,74,46,0.6216,275.46,171.23,12671.16,25,2
2024-09-18,74,51,0.6892,269.61,185.81,13750.11,23,4
2024-09-19,74,57,0.7703,271.14,208.85,15454.98,25,2
2024-09-20,74,68,0.9189,293.23,269.45,19939.64,26,4
2024-09-21,74,69,0.9324,295.4,275.44,20382.6,34,6
2024-09-22,74,62,0.8378,290.05,243.01,17983.1,15,1
2024-09-23,74,69,0.9324,274.89,256.32,18967.41,18,3
2024-09-24,74,54,0.7297,265.37,193.65,14329.98,22,2
2024-09-25,74,44,0.5946,268.46,159.62,11812.24,29,5
2024-09-26,74,55,0.7432,264.72,196.75,14559.6,35,6
2024-09-27,74,65,0.8784,282.15,247.83,18339.75,23,3
2024-09-28,74,74,1.0,290.15,290.15,21471.1,23,1
2024-09-29,74,63,0.8514,286.64,244.03,18058.32,23,4
2024-09-30,74,57,0.7703,280.5,216.06,15988.5,17,2
2024-10-01,74,43,0.5811,265.53,154.29,11417.79,22,3
2024-10-02,74,41,0.5541,260.86,144.53,10695.26,26,5
2024-10-03,74,40,0.5405,260.98,141.07,10439.2,20,2
2024-10-04,74,51,0.6892,277.28,191.1,14141.28,22,1
2024-10-05,74,56,0.7568,286.15,216.55,16024.4,19,2
2024-10-06,74,42,0.5676,281.71,159.89,11831.82,16,2
2024-10-07,74,35,0.473,269.97,127.69,9448.95,21,4
2024-10-08,74,34,0.4595,263.59,121.11,8962.06,24,3
2024-10-09,74,29,0.3919,250.93,98.34,7276.97,22,3
2024-10-10,74,36,0.4865,256.09,124.58,9219.24,22,4
2024-10-11,74,59,0.7973,266.86,212.77,15744.74,17,0
2024-10-12,74,60,0.8108,275.27,223.19,16516.2,20,1
2024-10-13,74,46,0.6216,268.3,166.78,12341.8,19,1
2024-10-14,74,41,0.5541,261.99,145.16,10741.59,14,2
2024-10-15,74,40,0.5405,261.49,141.35,10459.6,19,2
2024-10-16,74,39,0.527,250.75,132.15,9779.25,28,3
2024-10-17,74,40,0.5405,242.63,131.15,9705.2,26,2
2024-10-18,74,41,0.5541,257.72,142.79,10566.52,15,4
2024-10-19,74,41,0.5541,265.26,146.97,10875.66,23,2
2024-10-20,74,44,0.5946,253.14,150.52,11138.16,25,5
2024-10-21,74,41,0.5541,245.94,136.26,10083.54,16,0
2024-10-22,74,36,0.4865,243.14,118.28,8753.04,16,0
2024-10-23,74,35,0.473,242.86,114.87,8500.1,22,2
2024-10-24,74,38,0.5135,248.31,127.51,9435.78,17,3
2024-10-25,74,66,0.8919,258.93,230.94,17089.38,20,4
2024-10-26,74,72,0.973,257.14,250.19,18514.08,17,4
2024-10-27,74,55,0.7432,247.59,184.02,13617.45,18,3
2024-10-28,74,51,0.6892,245.18,168.98,12504.18,25,1
2024-10-29,74,50,0.6757,237.35,160.37,11867.5,29,1
2024-10-30,74,39,0.527,230.79,121.63,9000.81,19,3
2024-10-31,74,39,0.527,225.5,118.84,8794.5,11,2
2024-11-01,74,58,0.7838,237.99,186.53,13803.42,20,1
2024-11-02,74,66,0.8919,240.45,214.46,15869.7,30,1
2024-11-03,74,48,0.6486,232.74,150.97,11171.52,13,0
2024-11-04,74,42,0.5676,225.24,127.84,9460.08,19,0
2024-11-05,74,36,0.4865,222.35,108.17,8004.6,14,0
2024-11-06,74,28,0.3784,210.74,79.74,5900.72,21,0
2024-11-07,74,32,0.4324,217.63,94.11,6964.16,18,1
2024-11-08,74,37,0.5,224.53,112.27,8307.61,16,1
2024-11-09,74,43,0.5811,230.07,133.69,9893.01,22,3
2024-11-10,74,40,0.5405,227.4,122.92,9096.0,7,0
2024-11-11,74,41,0.5541,222.02,123.01,9102.82,22,1
2024-11-12,74,35,0.473,212.36,100.44,7432.6,15,1
2024-11-13,74,28,0.3784,203.45,76.98,5696.6,15,4
2024-11-14,74,30,0.4054,213.41,86.52,6402.3,19,2
2024-11-15,74,42,0.5676,223.58,126.9,9390.36,15,1
2024-11-16,74,44,0.5946,225.01,133.79,9900.44,16,1
2024-11-17,74,44,0.5946,216.17,128.53,9511.48,13,2
2024-11-18,74,40,0.5405,214.56,115.98,8582.4,13,2
2024-11-19,74,35,0.473,202.67,95.86,7093.45,19,2
2024-11-20,74,35,0.473,200.48,94.82,7016.8,21,1
2024-11-21,74,28,0.3784,199.05,75.32,5573.4,14,3
2024-11-22,74,41,0.5541,210.19,116.46,8617.79,12,1
2024-11-23,74,47,0.6351,215.74,137.02,10139.78,15,1
2024-11-24,74,45,0.6081,205.49,124.96,9247.05,21,1
2024-11-25,74,43,0.5811,199.25,115.78,8567.75,13,3
2024-11-26,74,40,0.5405,191.28,103.39,7651.2,12,1
2024-11-27,74,35,0.473,189.32,89.54,6626.2,14,1
2024-11-28,74,31,0.4189,194.09,81.31,6016.79,17,3
2024-11-29,74,46,0.6216,196.88,122.38,9056.48,11,0
2024-11-30,74,48,0.6486,201.15,130.48,9655.2,15,4
2024-12-01,74,51,0.6892,197.85,136.36,10090.35,17,3
2024-12-02,74,49,0.6622,190.8,126.34,9349.2,15,1
2024-12-03,74,41,0.5541,188.2,104.27,7716.2,14,2
2024-12-04,74,28,0.3784,179.93,68.08,5038.04,10,1
2024-12-05,74,25,0.3378,179.45,60.62,4486.25,15,2
2024-12-06,74,31,0.4189,189.15,79.24,5863.65,15,0
2024-12-07,74,38,0.5135,192.83,99.02,7327.54,11,3
2024-12-08,74,41,0.5541,188.54,104.46,7730.14,14,1
2024-12-09,74,32,0.4324,187.45,81.06,5998.4,16,0
2024-12-10,74,23,0.3108,183.13,56.92,4211.99,10,2
2024-12-11,74,16,0.2162,172.2,37.23,2755.2,14,0
2024-12-12,74,17,0.2297,166.96,38.36,2838.32,19,0
2024-12-13,74,20,0.2703,173.98,47.02,3479.6,15,1
2024-12-14,74,28,0.3784,185.16,70.06,5184.48,15,0
2024-12-15,74,25,0.3378,173.82,58.72,4345.5,12,0
2024-12-16,74,17,0.2297,171.7,39.44,2918.9,10,0
2024-12-17,74,22,0.2973,169.32,50.34,3725.04,13,1
2024-12-18,74,24,0.3243,169.72,55.04,4073.28,13,2
2024-12-19,74,20,0.2703,169.91,45.92,3398.2,24,3
2024-12-20,74,31,0.4189,179.05,75.01,5550.55,9,2
2024-12-21,74,40,0.5405,175.73,94.99,7029.2,14,1
2024-12-22,74,31,0.4189,165.9,69.5,5142.9,16,2
2024-12-23,74,20,0.2703,168.79,45.62,3375.8,15,2
2024-12-24,74,14,0.1892,155.49,29.42,2176.86,17,3
2024-12-25,74,18,0.2432,159.42,38.78,2869.56,12,1
2024-12-26,74,18,0.2432,157.93,38.42,2842.74,19,2
2024-12-27,74,27,0.3649,165.61,60.43,4471.47,10,2
2024-12-28,74,32,0.4324,165.34,71.5,5290.88,16,1
2024-12-29,74,38,0.5135,162.41,83.4,6171.58,14,0
2024-12-30,74,33,0.4459,161.56,72.05,5331.48,11,3
2024-12-31,74,24,0.3243,155.92,50.57,3742.08,13,2
2025-01-01,74,25,0.3378,152.85,51.64,3821.25,9,2
2025-01-02,74,33,0.4459,161.18,71.88,5318.94,15,4
2025-01-03,74,34,0.4595,166.44,76.47,5658.96,8,0
2025-01-04,74,39,0.527,171.47,90.37,6687.33,19,1
2025-01-05,74,33,0.4459,166.88,74.42,5507.04,20,5
2025-01-06,74,22,0.2973,167.19,49.71,3678.18,19,0
2025-01-07,74,24,0.3243,162.17,52.6,3892.08,15,3
2025-01-08,74,26,0.3514,157.35,55.29,4091.1,17,3
2025-01-09,74,27,0.3649,159.08,58.04,4295.16,8,3
2025-01-10,74,31,0.4189,163.42,68.46,5066.02,13,2
2025-01-11,74,34,0.4595,166.88,76.67,5673.92,20,1
2025-01-12,74,34,0.4595,160.79,73.88,5466.86,13,0
2025-01-13,74,25,0.3378,162.35,54.85,4058.75,15,0
2025-01-14,74,18,0.2432,160.0,38.92,2880.0,16,2
2025-01-15,74,19,0.2568,156.76,40.25,2978.44,8,0
2025-01-16,74,24,0.3243,154.49,50.1,3707.76,19,3
2025-01-17,74,28,0.3784,163.82,61.99,4586.96,23,1
2025-01-18,74,41,0.5541,167.97,93.06,6886.77,10,1
2025-01-19,74,35,0.473,161.48,76.38,5651.8,19,1
2025-01-20,74,29,0.3919,157.86,61.86,4577.94,10,1
2025-01-21,74,17,0.2297,155.86,35.81,2649.62,17,1
2025-01-22,74,14,0.1892,148.21,28.04,2074.94,22,2
2025-01-23,74,24,0.3243,155.19,50.33,3724.56,15,2
2025-01-24,74,25,0.3378,160.93,54.37,4023.25,16,3
2025-01-25,74,31,0.4189,166.95,69.94,5175.45,19,3
2025-01-26,74,27,0.3649,157.72,57.55,4258.44,18,2
2025-01-27,74,27,0.3649,154.24,56.28,4164.48,13,0
2025-01-28,74,27,0.3649,151.36,55.23,4086.72,22,2
2025-01-29,74,32,0.4324,153.13,66.22,4900.16,14,1
2025-01-30,74,36,0.4865,158.16,76.94,5693.76,13,0
2025-01-31,74,40,0.5405,164.95,89.16,6598.0,15,3
2025-02-01,74,33,0.4459,173.44,77.34,5723.52,15,2
2025-02-02,74,30,0.4054,172.12,69.78,5163.6,15,5
2025-02-03,74,32,0.4324,164.61,71.18,5267.52,26,4
2025-02-04,74,28,0.3784,160.31,60.66,4488.68,13,1
2025-02-05,74,22,0.2973,158.33,47.07,3483.26,20,2
2025-02-06,74,25,0.3378,164.2,55.47,4105.0,22,1
2025-02-07,74,36,0.4865,176.72,85.97,6361.92,14,3
2025-02-08,74,36,0.4865,181.61,88.35,6537.96,22,1
2025-02-09,74,30,0.4054,176.62,71.6,5298.6,24,2
2025-02-10,74,33,0.4459,168.3,75.05,5553.9,17,4
2025-02-11,74,30,0.4054,163.53,66.3,4905.9,17,0
2025-02-12,74,32,0.4324,162.16,70.12,5189.12,15,2
2025-02-13,74,30,0.4054,171.51,69.53,5145.3,20,2
2025-02-14,74,37,0.5,182.73,91.36,6761.01,14,0
2025-02-15,74,51,0.6892,191.57,132.03,9770.07,20,1
2025-02-16,74,37,0.5,189.76,94.88,7021.12,22,4
2025-02-17,74,35,0.473,187.93,88.89,6577.55,15,3
2025-02-18,74,30,0.4054,183.02,74.2,5490.6,27,1
2025-02-19,74,30,0.4054,185.47,75.19,5564.1,19,3
2025-02-20,74,28,0.3784,178.94,67.71,5010.32,14,2
2025-02-21,74,43,0.5811,193.25,112.29,8309.75,29,1
2025-02-22,74,44,0.5946,195.56,116.28,8604.64,26,5
2025-02-23,74,46,0.6216,186.15,115.71,8562.9,23,0
2025-02-24,74,45,0.6081,184.16,111.99,8287.2,25,2
2025-02-25,74,36,0.4865,178.75,86.96,6435.0,21,2
2025-02-26,74,28,0.3784,181.09,68.52,5070.52,18,2
2025-02-27,74,25,0.3378,185.46,62.66,4636.5,28,1
2025-02-28,74,34,0.4595,194.16,89.21,6601.44,25,2
2025-03-01,74,41,0.5541,201.2,111.48,8249.2,14,2
2025-03-02,74,36,0.4865,198.37,96.5,7141.32,28,4
2025-03-03,74,38,0.5135,197.67,101.51,7511.46,24,1
2025-03-04,74,25,0.3378,194.87,65.83,4871.75,16,3
2025-03-05,74,25,0.3378,191.09,64.56,4777.25,25,5
2025-03-06,74,24,0.3243,189.24,61.38,4541.76,25,0
2025-03-07,74,43,0.5811,211.19,122.72,9081.17,25,2
2025-03-08,74,60,0.8108,220.94,179.14,13256.4,27,3
2025-03-09,74,59,0.7973,212.96,169.79,12564.64,16,2
2025-03-10,74,51,0.6892,205.65,141.73,10488.15,20,3
2025-03-11,74,40,0.5405,206.19,111.45,8247.6,16,0
2025-03-12,74,37,0.5,202.1,101.05,7477.7,30,3
2025-03-13,74,34,0.4595,202.52,93.05,6885.68,28,3
2025-03-14,74,43,0.5811,222.75,129.44,9578.25,27,3
2025-03-15,74,51,0.6892,222.17,153.12,11330.67,27,4
2025-03-16,74,39,0.527,221.05,116.5,8620.95,36,5
2025-03-17,74,37,0.5,214.98,107.49,7954.26,25,4
2025-03-18,74,28,0.3784,213.65,80.84,5982.2,20,1
2025-03-19,74,29,0.3919,206.17,80.8,5978.93,31,6
2025-03-20,74,32,0.4324,209.44,90.57,6702.08,27,1
2025-03-21,74,45,0.6081,232.81,141.57,10476.45,28,2
2025-03-22,74,43,0.5811,237.8,138.18,10225.4,33,4
2025-03-23,74,42,0.5676,226.75,128.7,9523.5,33,2
2025-03-24,74,42,0.5676,225.71,128.11,9479.82,26,3
2025-03-25,74,30,0.4054,225.41,91.38,6762.3,31,4
2025-03-26,74,28,0.3784,228.39,86.42,6394.92,29,3
2025-03-27,74,25,0.3378,227.04,76.7,5676.0,31,4
2025-03-28,74,34,0.4595,239.86,110.21,8155.24,31,2
2025-03-29,74,50,0.6757,245.72,166.03,12286.0,29,2
2025-03-30,74,55,0.7432,239.39,177.92,13166.45,28,4
2025-03-31,74,47,0.6351,235.23,149.4,11055.81,30,2
2025-04-01,74,44,0.5946,232.94,138.5,10249.36,34,6
2025-04-02,74,39,0.527,230.63,121.55,8994.57,24,5
2025-04-03,74,46,0.6216,234.34,145.67,10779.64,31,0
2025-04-04,74,62,0.8378,249.9,209.38,15493.8,29,10
2025-04-05,74,66,0.8919,255.14,227.56,16839.24,42,4
2025-04-06,74,58,0.7838,248.26,194.58,14399.08,48,5
2025-04-07,74,61,0.8243,242.97,200.29,14821.17,34,4
2025-04-08,74,42,0.5676,240.39,136.44,10096.38,34,2
2025-04-09,74,27,0.3649,237.47,86.64,6411.69,41,3
2025-04-10,74,38,0.5135,242.96,124.76,9232.48,35,0
2025-04-11,74,49,0.6622,262.96,174.12,12885.04,33,2
2025-04-12,74,55,0.7432,268.02,199.2,14741.1,30,3
2025-04-13,74,55,0.7432,258.87,192.4,14237.85,26,4
2025-04-14,74,49,0.6622,250.83,166.09,12290.67,41,6
2025-04-15,74,35,0.473,241.88,114.4,8465.8,33,0
2025-04-16,74,46,0.6216,241.92,150.38,11128.32,28,4
2025-04-17,74,58,0.7838,252.75,198.1,14659.5,44,6
2025-04-18,74,62,0.8378,263.31,220.61,16325.22,46,2
2025-04-19,74,72,0.973,273.8,266.4,19713.6,31,3
2025-04-20,74,69,0.9324,268.04,249.93,18494.76,32,2
2025-04-21,74,52,0.7027,259.97,182.68,13518.44,36,6
2025-04-22,74,56,0.7568,257.1,194.56,14397.6,32,2
2025-04-23,74,51,0.6892,260.13,179.28,13266.63,33,4
2025-04-24,74,48,0.6486,261.15,169.39,12535.2,31,5
2025-04-25,74,66,0.8919,279.35,249.15,18437.1,40,5
2025-04-26,74,65,0.8784,287.93,252.91,18715.45,31,5
2025-04-27,74,65,0.8784,281.07,246.89,18269.55,28,5
2025-04-28,74,58,0.7838,269.65,211.35,15639.7,28,8
2025-04-29,74,46,0.6216,268.08,166.64,12331.68,34,9
2025-04-30,74,38,0.5135,266.41,136.81,10123.58,28,3
2025-05-01,74,44,0.5946,267.28,158.92,11760.32,32,6
2025-05-02,74,69,0.9324,286.5,267.14,19768.5,32,3
2025-05-03,74,67,0.9054,293.19,265.46,19643.73,27,4
2025-05-04,74,50,0.6757,286.05,193.28,14302.5,30,1
2025-05-05,74,48,0.6486,272.2,176.56,13065.6,38,7
2025-05-06,74,41,0.5541,273.14,151.33,11198.74,33,7
2025-05-07,74,41,0.5541,273.4,151.48,11209.4,42,5
2025-05-08,74,38,0.5135,267.97,137.61,10182.86,32,1
2025-05-09,74,63,0.8514,295.14,251.27,18593.82,31,5
2025-05-10,74,59,0.7973,304.51,242.78,17966.09,36,3
2025-05-11,74,43,0.5811,289.73,168.36,12458.39,24,2
2025-05-12,74,43,0.5811,284.33,165.22,12226.19,27,1
2025-05-13,74,44,0.5946,275.95,164.08,12141.8,31,5
2025-05-14,74,43,0.5811,272.93,158.59,11735.99,31,6
2025-05-15,74,55,0.7432,271.81,202.02,14949.55,39,5
2025-05-16,74,65,0.8784,286.22,251.41,18604.3,24,2
2025-05-17,74,69,0.9324,305.62,284.97,21087.78,43,8
2025-05-18,74,56,0.7568,298.23,225.69,16700.88,37,4
2025-05-19,74,49,0.6622,293.28,194.2,14370.72,32,3
2025-05-20,74,43,0.5811,293.04,170.28,12600.72,37,7
2025-05-21,74,42,0.5676,282.53,160.35,11866.26,32,4
2025-05-22,74,45,0.6081,281.34,171.09,12660.3,29,6
2025-05-23,74,74,1.0,312.05,312.05,23091.7,27,3
2025-05-24,74,74,1.0,316.1,316.1,23391.4,29,5
2025-05-25,74,74,1.0,304.55,304.55,22536.7,38,5
2025-05-26,74,74,1.0,299.53,299.53,22165.22,39,6
2025-05-27,74,61,0.8243,296.88,244.73,18109.68,36,3
2025-05-28,74,57,0.7703,290.91,224.08,16581.87,33,4
2025-05-29,74,61,0.8243,288.14,237.52,17576.54,29,3
2025-05-30,74,74,1.0,308.42,308.42,22823.08,21,4
2025-05-31,74,74,1.0,315.11,315.11,23318.14,33,4
2025-06-01,74,62,0.8378,305.24,255.74,18924.88,27,2
2025-06-02,74,52,0.7027,299.66,210.57,15582.32,24,3
2025-06-03,74,51,0.6892,300.14,206.85,15307.14,34,2
2025-06-04,74,48,0.6486,292.24,189.56,14027.52,30,2
2025-06-05,74,59,0.7973,296.86,236.69,17514.74,34,1
2025-06-06,74,65,0.8784,313.81,275.64,20397.65,34,6
2025-06-07,74,74,1.0,324.12,324.12,23984.88,46,9
2025-06-08,74,65,0.8784,311.55,273.66,20250.75,28,2
2025-06-09,74,47,0.6351,304.7,193.53,14320.9,36,6
2025-06-10,74,46,0.6216,296.36,184.22,13632.56,30,4
2025-06-11,74,43,0.5811,289.59,168.28,12452.37,35,2
2025-06-12,74,57,0.7703,295.77,227.82,16858.89,26,3
2025-06-13,74,74,1.0,315.05,315.05,23313.7,33,4
2025-06-14,74,74,1.0,325.68,325.68,24100.32,24,6
2025-06-15,74,70,0.9459,312.85,295.94,21899.5,36,3
2025-06-16,74,69,0.9324,307.27,286.51,21201.63,27,1
2025-06-17,74,58,0.7838,299.8,234.98,17388.4,28,1
2025-06-18,74,56,0.7568,292.1,221.05,16357.6,31,2
2025-06-19,74,59,0.7973,296.75,236.6,17508.25,33,6
2025-06-20,74,74,1.0,315.58,315.58,23352.92,40,7
2025-06-21,74,74,1.0,323.3,323.3,23924.2,34,3
2025-06-22,74,73,0.9865,317.59,313.3,23184.07,24,2
2025-06-23,74,63,0.8514,310.9,264.69,19586.7,26,0
2025-06-24,74,56,0.7568,301.26,227.98,16870.56,35,4
2025-06-25,74,38,0.5135,296.11,152.06,11252.18,34,3
2025-06-26,74,43,0.5811,296.86,172.5,12764.98,32,2
2025-06-27,74,48,0.6486,323.27,209.69,15516.96,26,3
2025-06-28,74,56,0.7568,323.07,244.49,18091.92,33,2
2025-06-29,74,57,0.7703,310.55,239.21,17701.35,29,5
2025-06-30,74,43,0.5811,308.04,179.0,13245.72,29,5
2025-07-01,74,48,0.6486,302.18,196.01,14504.64,41,5
2025-07-02,74,46,0.6216,303.91,188.92,13979.86,31,5
2025-07-03,74,66,0.8919,303.52,270.71,20032.32,31,3
2025-07-04,74,74,1.0,326.75,326.75,24179.5,27,5
2025-07-05,74,74,1.0,331.8,331.8,24553.2,26,2
2025-07-06,74,74,1.0,320.84,320.84,23742.16,31,3
2025-07-07,74,74,1.0,311.37,311.37,23041.38,31,5
2025-07-08,74,61,0.8243,303.86,250.48,18535.46,24,1
2025-07-09,74,58,0.7838,302.21,236.87,17528.18,29,3
2025-07-10,74,56,0.7568,304.03,230.08,17025.68,36,3
2025-07-11,74,74,1.0,323.86,323.86,23965.64,38,5
2025-07-12,74,74,1.0,328.66,328.66,24320.84,30,3
2025-07-13,74,74,1.0,322.62,322.62,23873.88,26,1
2025-07-14,74,61,0.8243,310.68,256.1,18951.48,30,3
2025-07-15,74,53,0.7162,305.68,218.93,16201.04,19,2
2025-07-16,74,55,0.7432,303.29,225.42,16680.95,21,4
2025-07-17,74,63,0.8514,299.12,254.66,18844.56,19,3
2025-07-18,74,74,1.0,314.07,314.07,23241.18,26,1
2025-07-19,74,74,1.0,323.54,323.54,23941.96,30,4
2025-07-20,74,74,1.0,310.95,310.95,23010.3,26,4
2025-07-21,74,71,0.9595,307.0,294.55,21797.0,28,2
2025-07-22,74,54,0.7297,302.23,220.55,16320.42,31,7
2025-07-23,74,48,0.6486,299.26,194.11,14364.48,24,2
2025-07-24,74,55,0.7432,302.93,225.15,16661.15,24,2
2025-07-25,74,71,0.9595,323.19,310.09,22946.49,25,1
2025-07-26,74,72,0.973,334.37,325.33,24074.64,27,3
2025-07-27,74,68,0.9189,325.45,299.06,22130.6,27,5
2025-07-28,74,58,0.7838,319.38,250.32,18524.04,26,1
2025-07-29,74,52,0.7027,320.59,225.28,16670.68,27,5
2025-07-30,74,56,0.7568,312.45,236.45,17497.2,24,4
2025-07-31,74,51,0.6892,307.91,212.21,15703.41,29,6
2025-08-01,74,74,1.0,326.83,326.83,24185.42,25,2
2025-08-02,74,74,1.0,329.82,329.82,24406.68,26,1
2025-08-03,74,72,0.973,319.85,311.21,23029.2,27,4
2025-08-04,74,69,0.9324,311.7,290.64,21507.3,30,2
2025-08-05,74,56,0.7568,307.27,232.53,17207.12,24,2
2025-08-06,74,54,0.7297,304.93,222.52,16466.22,22,4
2025-08-07,74,59,0.7973,301.54,240.42,17790.86,31,0
2025-08-08,74,74,1.0,322.21,322.21,23843.54,25,6
2025-08-09,74,74,1.0,332.39,332.39,24596.86,24,0
2025-08-10,74,74,1.0,320.95,320.95,23750.3,23,2
2025-08-11,74,74,1.0,314.38,314.38,23264.12,16,0
2025-08-12,74,65,0.8784,310.68,272.89,20194.2,19,4
2025-08-13,74,74,1.0,300.19,300.19,22214.06,24,1
2025-08-14,74,61,0.8243,304.07,250.65,18548.27,40,2
2025-08-15,74,74,1.0,319.54,319.54,23645.96,23,3
2025-08-16,74,74,1.0,327.79,327.79,24256.46,29,1
2025-08-17,74,61,0.8243,320.06,263.83,19523.66,18,2
2025-08-18,74,60,0.8108,311.85,252.85,18711.0,22,3
2025-08-19,74,44,0.5946,307.31,182.72,13521.64,27,1
2025-08-20,74,49,0.6622,306.94,203.24,15040.06,21,1
2025-08-21,74,55,0.7432,304.08,226.01,16724.4,23,3
2025-08-22,74,72,0.973,321.55,312.86,23151.6,26,1
2025-08-23,74,74,1.0,323.52,323.52,23940.48,26,2
2025-08-24,74,60,0.8108,320.75,260.07,19245.0,19,1
2025-08-25,74,54,0.7297,310.91,226.88,16789.14,29,2
2025-08-26,74,54,0.7297,301.34,219.9,16272.36,27,2
2025-08-27,74,53,0.7162,299.44,214.46,15870.32,28,3
2025-08-28,74,51,0.6892,299.73,206.57,15286.23,24,2
2025-08-29,74,66,0.8919,324.35,289.29,21407.1,25,3
2025-08-30,74,74,1.0,323.78,323.78,23959.72,38,4
2025-08-31,74,65,0.8784,313.79,275.63,20396.35,22,0
2025-09-01,74,61,0.8243,303.2,249.94,18495.2,28,3
2025-09-02,74,56,0.7568,296.49,224.37,16603.44,28,5
2025-09-03,74,54,0.7297,292.62,213.53,15801.48,28,3
2025-09-04,74,60,0.8108,291.85,236.64,17511.0,35,9
2025-09-05,74,67,0.9054,312.17,282.64,20915.39,27,5
2025-09-06,74,74,1.0,321.81,321.81,23813.94,30,4
2025-09-07,74,64,0.8649,315.65,272.99,20201.6,24,1
2025-09-08,74,63,0.8514,304.17,258.96,19162.71,31,4
2025-09-09,74,48,0.6486,297.25,192.81,14268.0,26,1
2025-09-10,74,44,0.5946,290.17,172.53,12767.48,25,2
2025-09-11,74,57,0.7703,289.84,223.26,16520.88,27,4
2025-09-12,74,74,1.0,312.63,312.63,23134.62,27,3
2025-09-13,74,74,1.0,323.15,323.15,23913.1,16,2
2025-09-14,74,71,0.9595,313.5,300.79,22258.5,35,3
2025-09-15,74,65,0.8784,308.93,271.36,20080.45,26,3
2025-09-16,74,46,0.6216,307.12,190.91,14127.52,30,5
2025-09-17,74,45,0.6081,298.19,181.33,13418.55,18,2
2025-09-18,74,51,0.6892,290.09,199.93,14794.59,23,0
2025-09-19,74,58,0.7838,307.21,240.79,17818.18,26,4
2025-09-20,74,68,0.9189,314.25,288.77,21369.0,32,5
2025-09-21,74,58,0.7838,303.4,237.8,17597.2,34,3
2025-09-22,74,52,0.7027,295.66,207.76,15374.32,32,4
2025-09-23,74,51,0.6892,295.47,203.63,15068.97,44,9
2025-09-24,74,46,0.6216,279.28,173.61,12846.88,17,5
2025-09-25,74,50,0.6757,280.12,189.27,14006.0,31,3
2025-09-26,74,61,0.8243,298.19,245.81,18189.59,29,4
2025-09-27,74,66,0.8919,307.59,274.34,20300.94,22,1
2025-09-28,74,61,0.8243,304.05,250.64,18547.05,25,1
2025-09-29,74,57,0.7703,289.17,222.74,16482.69,24,3
2025-09-30,74,46,0.6216,274.06,170.36,12606.76,16,2
2025-10-01,74,34,0.4595,277.4,127.45,9431.6,25,1
2025-10-02,74,34,0.4595,274.02,125.9,9316.68,24,5
2025-10-03,74,50,0.6757,298.9,201.96,14945.0,30,2
2025-10-04,74,73,0.9865,303.36,299.26,22145.28,27,4
2025-10-05,74,63,0.8514,289.88,246.79,18262.44,19,0
2025-10-06,74,52,0.7027,286.36,201.23,14890.72,22,2
2025-10-07,74,47,0.6351,275.21,174.8,12934.87,25,3
2025-10-08,74,41,0.5541,266.99,147.93,10946.59,25,3
2025-10-09,74,45,0.6081,265.25,161.3,11936.25,18,2
2025-10-10,74,67,0.9054,282.18,255.49,18906.06,26,4
2025-10-11,74,74,1.0,287.46,287.46,21272.04,23,3
2025-10-12,74,52,0.7027,281.51,197.82,14638.52,31,4
2025-10-13,74,45,0.6081,270.92,164.75,12191.4,16,4
2025-10-14,74,35,0.473,266.89,126.23,9341.15,20,2
2025-10-15,74,32,0.4324,266.85,115.39,8539.2,22,4
2025-10-16,74,39,0.527,254.09,133.91,9909.51,12,0
2025-10-17,74,54,0.7297,273.51,199.59,14769.54,25,2
2025-10-18,74,62,0.8378,278.49,233.33,17266.38,32,7
2025-10-19,74,63,0.8514,270.12,229.97,17017.56,15,2
2025-10-20,74,42,0.5676,263.61,149.62,11071.62,25,3
2025-10-21,74,42,0.5676,261.12,148.2,10967.04,21,6
2025-10-22,74,33,0.4459,248.19,110.68,8190.27,15,2
2025-10-23,74,45,0.6081,247.12,150.28,11120.4,31,3
2025-10-24,74,59,0.7973,263.1,209.77,15522.9,26,2
2025-10-25,74,61,0.8243,268.13,221.03,16355.93,24,3
2025-10-26,74,52,0.7027,262.09,184.17,13628.68,21,2
2025-10-27,74,42,0.5676,257.51,146.15,10815.42,23,2
2025-10-28,74,38,0.5135,250.38,128.57,9514.44,14,1
2025-10-29,74,38,0.5135,243.38,124.98,9248.44,14,2
2025-10-30,74,30,0.4054,239.93,97.27,7197.9,14,2
2025-10-31,74,49,0.6622,256.62,169.92,12574.38,21,5
2025-11-01,74,55,0.7432,258.24,191.94,14203.2,17,0
2025-11-02,74,50,0.6757,247.43,167.18,12371.5,23,2
2025-11-03,74,45,0.6081,241.39,146.79,10862.55,18,1
2025-11-04,74,38,0.5135,234.86,120.6,8924.68,23,2
2025-11-05,74,32,0.4324,228.55,98.83,7313.6,15,1
2025-11-06,74,35,0.473,232.27,109.86,8129.45,18,1
2025-11-07,74,57,0.7703,244.34,188.21,13927.38,17,1
2025-11-08,74,58,0.7838,247.87,194.28,14376.46,18,1
2025-11-09,74,44,0.5946,243.32,144.68,10706.08,26,2
2025-11-10,74,38,0.5135,233.16,119.73,8860.08,17,2
2025-11-11,74,17,0.2297,222.92,51.21,3789.64,24,1
2025-11-12,74,25,0.3378,215.6,72.84,5390.0,21,0
2025-11-13,74,29,0.3919,218.65,85.69,6340.85,19,0
2025-11-14,74,47,0.6351,232.24,147.5,10915.28,17,3
2025-11-15,74,58,0.7838,236.16,185.1,13697.28,15,1
2025-11-16,74,58,0.7838,226.91,177.85,13160.78,12,1
2025-11-17,74,54,0.7297,223.26,162.92,12056.04,24,5
2025-11-18,74,42,0.5676,221.19,125.54,9289.98,22,3
2025-11-19,74,33,0.4459,210.33,93.8,6940.89,16,4
2025-11-20,74,41,0.5541,210.59,116.68,8634.19,16,2
2025-11-21,74,51,0.6892,219.52,151.29,11195.52,15,2
2025-11-22,74,42,0.5676,221.18,125.53,9289.56,21,1
2025-11-23,74,37,0.5,219.02,109.51,8103.74,18,0
2025-11-24,74,31,0.4189,209.89,87.93,6506.59,22,0
2025-11-25,74,26,0.3514,200.85,70.57,5222.1,19,1
2025-11-26,74,28,0.3784,201.32,76.18,5636.96,17,1
2025-11-27,74,44,0.5946,193.81,115.24,8527.64,18,3
2025-11-28,74,58,0.7838,208.05,163.07,12066.9,18,3
2025-11-29,74,59,0.7973,212.13,169.13,12515.67,16,0
2025-11-30,74,42,0.5676,202.33,114.84,8497.86,14,1
2025-12-01,74,32,0.4324,196.7,85.06,6294.4,18,2
2025-12-02,74,32,0.4324,190.73,82.48,6103.36,17,2
2025-12-03,74,25,0.3378,192.94,65.18,4823.5,15,2
2025-12-04,74,27,0.3649,187.62,68.46,5065.74,11,0
2025-12-05,74,38,0.5135,201.64,103.54,7662.32,18,3
2025-12-06,74,40,0.5405,207.74,112.29,8309.6,12,0
2025-12-07,74,33,0.4459,196.05,87.43,6469.65,15,1
2025-12-08,74,25,0.3378,187.44,63.32,4686.0,17,1
2025-12-09,74,26,0.3514,180.59,63.45,4695.34,13,1
2025-12-10,74,30,0.4054,176.28,71.46,5288.4,17,3
2025-12-11,74,27,0.3649,173.12,63.17,4674.24,14,2
2025-12-12,74,36,0.4865,194.19,94.47,6990.84,16,3
2025-12-13,74,40,0.5405,197.43,106.72,7897.2,19,3
2025-12-14,74,44,0.5946,191.75,114.01,8437.0,24,3
2025-12-15,74,37,0.5,186.44,93.22,6898.28,13,0
2025-12-16,74,27,0.3649,171.65,62.63,4634.55,12,1
2025-12-17,74,28,0.3784,165.81,62.74,4642.68,18,3
2025-12-18,74,30,0.4054,163.56,66.31,4906.8,13,2
2025-12-19,74,32,0.4324,176.7,76.41,5654.4,12,0
2025-12-20,74,34,0.4595,179.75,82.59,6111.5,15,3
2025-12-21,74,36,0.4865,177.07,86.14,6374.52,15,3
2025-12-22,74,31,0.4189,174.66,73.17,5414.46,15,0
2025-12-23,74,26,0.3514,170.92,60.05,4443.92,12,1
2025-12-24,74,22,0.2973,174.24,51.8,3833.28,16,1
2025-12-25,74,27,0.3649,170.75,62.3,4610.25,8,1
2025-12-26,74,37,0.5,178.75,89.38,6613.75,15,1
2025-12-27,74,34,0.4595,179.54,82.49,6104.36,17,2
2025-12-28,74,26,0.3514,178.62,62.76,4644.12,18,4
2025-12-29,74,25,0.3378,174.85,59.07,4371.25,14,3
2025-12-30,74,27,0.3649,168.99,61.66,4562.73,12,1
2025-12-31,74,28,0.3784,168.06,63.59,4705.68,18,0
2026-01-01,74,33,0.4459,168.61,75.19,5564.13,14,2
2026-01-02,74,50,0.6757,175.35,118.48,8767.5,14,2
2026-01-03,74,43,0.5811,172.05,99.98,7398.15,12,2
2026-01-04,74,30,0.4054,175.2,71.03,5256.0,14,4
2026-01-05,74,27,0.3649,173.71,63.38,4690.17,14,2
2026-01-06,74,24,0.3243,171.11,55.5,4106.64,11,2
2026-01-07,74,18,0.2432,167.77,40.81,3019.86,11,1
2026-01-08,74,19,0.2568,169.2,43.44,3214.8,16,3
2026-01-09,74,31,0.4189,170.93,71.61,5298.83,15,2
2026-01-10,74,30,0.4054,180.68,73.25,5420.4,18,1
2026-01-11,74,22,0.2973,174.93,52.01,3848.46,7,1
2026-01-12,74,23,0.3108,169.61,52.72,3901.03,13,0
2026-01-13,74,16,0.2162,159.8,34.55,2556.8,16,1
2026-01-14,74,26,0.3514,156.15,54.86,4059.9,16,2
2026-01-15,74,28,0.3784,157.78,59.7,4417.84,8,1
2026-01-16,74,29,0.3919,169.29,66.34,4909.41,17,2
2026-01-17,74,28,0.3784,183.05,69.26,5125.4,19,1
2026-01-18,74,31,0.4189,173.21,72.56,5369.51,17,3
2026-01-19,74,27,0.3649,175.48,64.03,4737.96,19,4
2026-01-20,74,20,0.2703,168.31,45.49,3366.2,18,1
2026-01-21,74,17,0.2297,160.42,36.85,2727.14,10,0
2026-01-22,74,24,0.3243,159.27,51.66,3822.48,20,4
2026-01-23,74,26,0.3514,174.86,61.44,4546.36,15,2
2026-01-24,74,31,0.4189,180.37,75.56,5591.47,15,2
2026-01-25,74,24,0.3243,175.78,57.01,4218.72,17,1
2026-01-26,74,28,0.3784,171.56,64.91,4803.68,17,4
2026-01-27,74,35,0.473,170.32,80.56,5961.2,17,3
2026-01-28,74,33,0.4459,165.09,73.62,5447.97,17,2
2026-01-29,74,28,0.3784,167.03,63.2,4676.84,17,3
2026-01-30,74,30,0.4054,172.92,70.1,5187.6,12,1
2026-01-31,74,36,0.4865,179.66,87.4,6467.76,20,2
2026-02-01,74,30,0.4054,175.96,71.34,5278.8,14,2
2026-02-02,74,27,0.3649,176.32,64.33,4760.64,15,2
2026-02-03,74,31,0.4189,170.98,71.63,5300.38,23,1
2026-02-04,74,24,0.3243,168.86,54.77,4052.64,24,3
2026-02-05,74,21,0.2838,172.71,49.01,3626.91,27,1
2026-02-06,74,31,0.4189,186.3,78.04,5775.3,25,2
2026-02-07,74,37,0.5,187.9,93.95,6952.3,20,3
2026-02-08,74,27,0.3649,184.52,67.32,4982.04,27,3
2026-02-09,74,23,0.3108,179.77,55.87,4134.71,19,3
2026-02-10,74,14,0.1892,179.17,33.9,2508.38,21,1
2026-02-11,74,16,0.2162,173.83,37.58,2781.28,24,4
2026-02-12,74,20,0.2703,177.77,48.05,3555.4,15,2
2026-02-13,74,36,0.4865,201.74,98.14,7262.64,19,2
2026-02-14,74,50,0.6757,200.94,135.77,10047.0,29,3
2026-02-15,74,34,0.4595,197.11,90.56,6701.74,26,2
2026-02-16,74,37,0.5,196.47,98.24,7269.39,22,2
2026-02-17,74,38,0.5135,192.51,98.86,7315.38,22,3
2026-02-18,74,33,0.4459,184.11,82.1,6075.63,22,2
2026-02-19,74,36,0.4865,183.26,89.15,6597.36,26,2
2026-02-20,74,41,0.5541,194.82,107.94,7987.62,28,3
2026-02-21,74,39,0.527,201.62,106.26,7863.18,34,2
2026-02-22,74,41,0.5541,198.59,110.03,8142.19,16,0
2026-02-23,74,28,0.3784,192.12,72.69,5379.36,27,5
2026-02-24,74,25,0.3378,189.16,63.91,4729.0,21,4
2026-02-25,74,26,0.3514,191.23,67.19,4971.98,21,3
2026-02-26,74,36,0.4865,194.83,94.78,7013.88,23,4
2026-02-27,74,62,0.8378,212.9,178.38,13199.8,22,4
2026-02-28,74,56,0.7568,216.35,163.72,12115.6,25,2
2026-03-01,74,40,0.5405,215.7,116.59,8628.0,25,4
2026-03-02,74,30,0.4054,217.7,88.26,6531.0,28,3
2026-03-03,74,26,0.3514,212.79,74.76,5532.54,30,5
2026-03-04,74,28,0.3784,204.32,77.31,5720.96,22,3
2026-03-05,74,35,0.473,207.37,98.08,7257.95,26,6
2026-03-06,74,41,0.5541,221.05,122.47,9063.05,25,3
2026-03-07,74,54,0.7297,226.37,165.19,12223.98,23,1
2026-03-08,74,41,0.5541,219.99,121.89,9019.59,30,1
2026-03-09,74,40,0.5405,219.16,118.46,8766.4,22,2
2026-03-10,74,39,0.527,212.07,111.77,8270.73,18,2
2026-03-11,74,31,0.4189,213.16,89.3,6607.96,20,2
2026-03-12,74,39,0.527,215.71,113.68,8412.69,30,4
2026-03-13,74,47,0.6351,229.71,145.9,10796.37,25,3
2026-03-14,74,55,0.7432,235.21,174.82,12936.55,20,4
2026-03-15,74,46,0.6216,227.14,141.2,10448.44,30,5
2026-03-16,74,40,0.5405,226.45,122.41,9058.0,32,4
2026-03-17,74,33,0.4459,227.47,101.44,7506.51,29,2
2026-03-18,74,33,0.4459,230.33,102.71,7600.89,33,8
2026-03-19,74,25,0.3378,237.22,80.14,5930.5,28,1
2026-03-20,74,45,0.6081,248.74,151.26,11193.3,31,3
2026-03-21,74,43,0.5811,247.94,144.07,10661.42,20,3
2026-03-22,74,43,0.5811,238.58,138.63,10258.94,42,5
2026-03-23,74,41,0.5541,235.18,130.3,9642.38,25,3
2026-03-24,74,31,0.4189,232.3,97.31,7201.3,24,0
2026-03-25,74,36,0.4865,231.97,112.85,8350.92,41,6
2026-03-26,74,40,0.5405,235.12,127.09,9404.8,40,3
2026-03-27,74,53,0.7162,256.12,183.44,13574.36,32,1
2026-03-28,74,64,0.8649,264.58,228.83,16933.12,34,5
2026-03-29,74,57,0.7703,257.77,198.55,14692.89,32,3
2026-03-30,74,54,0.7297,247.8,180.83,13381.2,30,3
2026-03-31,74,34,0.4595,238.78,109.71,8118.52,33,1
2026-04-01,74,38,0.5135,236.7,121.55,8994.6,33,5
2026-04-02,74,41,0.5541,246.38,136.51,10101.58,33,5
2026-04-03,74,62,0.8378,263.93,221.13,16363.66,37,4
2026-04-04,74,64,0.8649,272.27,235.48,17425.28,36,4
2026-04-05,74,60,0.8108,262.54,212.87,15752.4,31,2
2026-04-06,74,57,0.7703,264.05,203.39,15050.85,28,2
2026-04-07,74,43,0.5811,256.85,149.25,11044.55,37,4
2026-04-08,74,41,0.5541,253.66,140.54,10400.06,33,4
2026-04-09,74,42,0.5676,256.8,145.75,10785.6,26,3
2026-04-10,74,53,0.7162,278.75,199.65,14773.75,40,3
2026-04-11,74,68,0.9189,286.01,262.82,19448.68,34,5
2026-04-12,74,68,0.9189,272.93,250.8,18559.24,31,4
2026-04-13,74,48,0.6486,273.0,177.08,13104.0,47,6
2026-04-14,74,42,0.5676,267.47,151.81,11233.74,36,7
2026-04-15,74,41,0.5541,261.94,145.13,10739.54,41,3
2026-04-16,74,32,0.4324,264.19,114.24,8454.08,31,3
2026-04-17,74,47,0.6351,287.76,182.77,13524.72,48,6
2026-04-18,74,45,0.6081,285.7,173.74,12856.5,42,6
2026-04-19,74,47,0.6351,278.13,176.65,13072.11,39,6
2026-04-20,74,59,0.7973,276.73,220.64,16327.07,38,5
2026-04-21,74,50,0.6757,274.08,185.19,13704.0,29,6
2026-04-22,74,45,0.6081,275.01,167.24,12375.45,34,5
2026-04-23,74,43,0.5811,280.39,162.93,12056.77,38,2
2026-04-24,74,63,0.8514,295.38,251.47,18608.94,21,4
2026-04-25,74,71,0.9595,304.94,292.58,21650.74,44,4
2026-04-26,74,51,0.6892,300.11,206.83,15305.61,34,4
2026-04-27,74,48,0.6486,293.33,190.27,14079.84,26,1
2026-04-28,74,42,0.5676,285.48,162.03,11990.16,42,4
2026-04-29,74,41,0.5541,280.5,155.41,11500.5,34,8
2026-04-30,74,50,0.6757,282.4,190.81,14120.0,30,1
2026-05-01,74,69,0.9324,296.49,276.46,20457.81,25,1
2026-05-02,74,74,1.0,307.68,307.68,22768.32,24,2
2026-05-03,74,70,0.9459,301.23,284.95,21086.1,31,1
2026-05-04,74,58,0.7838,293.84,230.31,17042.72,23,3
2026-05-05,74,29,0.3919,284.47,111.48,8249.63,36,3
2026-05-06,74,39,0.527,281.32,148.26,10971.48,33,6
2026-05-07,74,56,0.7568,284.63,215.4,15939.28,23,2
2026-05-08,74,74,1.0,302.37,302.37,22375.38,27,2
2026-05-09,74,74,1.0,315.05,315.05,23313.7,22,4
2026-05-10,74,74,1.0,309.02,309.02,22867.48,34,4
2026-05-11,74,66,0.8919,303.27,270.48,20015.82,29,3
2026-05-12,74,42,0.5676,301.16,170.93,12648.72,18,2
2026-05-13,74,33,0.4459,296.65,132.29,9789.45,35,2
2026-05-14,74,40,0.5405,296.07,160.04,11842.8,27,2
2026-05-15,74,74,1.0,318.13,318.13,23541.62,33,8
2026-05-16,74,74,1.0,321.6,321.6,23798.4,34,3
2026-05-17,74,68,0.9189,315.23,289.67,21435.64,30,6
2026-05-18,74,57,0.7703,306.87,236.37,17491.59,34,6
2026-05-19,74,54,0.7297,300.2,219.06,16210.8,33,5
2026-05-20,74,39,0.527,298.25,157.19,11631.75,45,4
2026-05-21,74,44,0.5946,301.57,179.31,13269.08,32,3
2026-05-22,74,73,0.9865,322.63,318.27,23551.99,34,3
2026-05-23,74,74,1.0,324.98,324.98,24048.52,36,4
2026-05-24,74,74,1.0,317.03,317.03,23460.22,48,3
2026-05-25,74,74,1.0,306.72,306.72,22697.28,32,3
2026-05-26,74,72,0.973,300.98,292.85,21670.56,37,5
2026-05-27,74,49,0.6622,297.01,196.67,14553.49,31,0
2026-05-28,74,56,0.7568,300.24,227.21,16813.44,30,1
2026-05-29,74,71,0.9595,320.98,307.97,22789.58,34,4
2026-05-30,74,74,1.0,329.19,329.19,24360.06,42,5
2026-05-31,74,73,0.9865,324.56,320.17,23692.88,29,3
2026-06-01,74,72,0.973,315.7,307.17,22730.4,36,4
2026-06-02,74,48,0.6486,310.43,201.36,14900.64,29,5
2026-06-03,74,50,0.6757,309.12,208.86,15456.0,30,1
2026-06-04,74,64,0.8649,306.5,265.08,19616.0,32,4
2026-06-05,74,74,1.0,327.21,327.21,24213.54,28,3
2026-06-06,74,74,1.0,336.26,336.26,24883.24,46,6
2026-06-07,74,67,0.9054,323.06,292.5,21645.02,32,3
2026-06-08,74,58,0.7838,316.18,247.82,18338.44,37,8
2026-06-09,74,51,0.6892,312.88,215.63,15956.88,43,6
2026-06-10,74,44,0.5946,304.92,181.3,13416.48,32,4
2026-06-11,74,49,0.6622,309.29,204.8,15155.21,33,3
2026-06-12,74,70,0.9459,334.11,316.05,23387.7,32,6
2026-06-13,74,74,1.0,337.96,337.96,25009.04,35,4
2026-06-14,74,72,0.973,325.05,316.26,23403.6,43,3
2026-06-15,74,63,0.8514,321.97,274.11,20284.11,43,5
2026-06-16,74,58,0.7838,317.12,248.55,18392.96,42,1
2026-06-17,74,45,0.6081,310.41,188.76,13968.45,36,5
2026-06-18,74,46,0.6216,312.28,194.12,14364.88,37,3
2026-06-19,74,71,0.9595,339.04,325.3,24071.84,32,2
2026-06-20,74,74,1.0,348.0,348.0,25752.0,27,2
2026-06-21,74,60,0.8108,342.96,278.08,20577.6,35,4
2026-06-22,74,53,0.7162,334.46,239.55,17726.38,34,6
2026-06-23,74,49,0.6622,318.92,211.18,15627.08,31,0
2026-06-24,74,50,0.6757,308.85,208.68,15442.5,26,0
2026-06-25,74,57,0.7703,308.68,237.77,17594.76,43,5
2026-06-26,74,74,1.0,331.92,331.92,24562.08,32,1
2026-06-27,74,74,1.0,341.43,341.43,25265.82,46,5
2026-06-28,74,54,0.7297,329.05,240.12,17768.7,25,6
2026-06-29,74,54,0.7297,321.07,234.29,17337.78,36,2
2026-06-30,74,47,0.6351,311.78,198.02,14653.66,32,4
2026-07-01,74,59,0.7973,308.65,246.09,18210.35,27,4
2026-07-02,74,74,1.0,309.79,309.79,22924.46,34,4
2026-07-03,74,74,1.0,338.58,338.58,25054.92,30,3
2026-07-04,74,74,1.0,344.91,344.91,25523.34,37,5
2026-07-05,74,74,1.0,338.33,338.33,25036.42,36,6
2026-07-06,74,74,1.0,328.05,328.05,24275.7,32,2
2026-07-07,74,65,0.8784,318.69,279.93,20714.85,24,2
2026-07-08,74,51,0.6892,313.82,216.28,16004.82,35,7
2026-07-09,74,61,0.8243,318.77,262.77,19444.97,35,3
2026-07-10,74,74,1.0,341.02,341.02,25235.48,32,2
2026-07-11,74,74,1.0,347.1,347.1,25685.4,27,6
2026-07-12,74,74,1.0,332.73,332.73,24622.02,28,7
2026-07-13,74,74,1.0,332.29,332.29,24589.46,23,2
2026-07-14,74,61,0.8243,322.15,265.56,19651.15,32,3
2026-07-15,74,52,0.7027,311.7,219.03,16208.4,17,3
2026-07-16,74,74,1.0,310.92,310.92,23008.08,28,4
2026-07-17,74,74,1.0,328.8,328.8,24331.2,34,7
2026-07-18,74,74,1.0,339.78,339.78,25143.72,25,1
2026-07-19,74,71,0.9595,331.41,317.97,23530.11,28,4
2026-07-20,74,63,0.8514,325.79,277.36,20524.77,24,2
2026-07-21,74,49,0.6622,319.06,211.27,15633.94,26,2
2026-07-22,74,43,0.5811,315.87,183.55,13582.41,33,6
2026-07-23,74,57,0.7703,314.45,242.21,17923.65,33,3
2026-07-24,74,66,0.8919,339.99,303.23,22439.34,42,2
2026-07-25,74,74,1.0,345.66,345.66,25578.84,27,3
2026-07-26,74,74,1.0,339.86,339.86,25149.64,32,5
2026-07-27,74,65,0.8784,333.08,292.57,21650.2,30,2
2026-07-28,74,61,0.8243,327.62,270.07,19984.82,23,4
2026-07-29,74,49,0.6622,325.24,215.36,15936.76,25,5
2026-07-30,74,53,0.7162,318.9,228.4,16901.7,29,9
2026-07-31,74,74,1.0,345.34,345.34,25555.16,27,4
2026-08-01,74,74,1.0,346.93,346.93,25672.82,30,2
2026-08-02,74,74,1.0,337.23,337.23,24955.02,29,3
2026-08-03,74,74,1.0,329.77,329.77,24402.98,29,1
2026-08-04,74,54,0.7297,324.29,236.64,17511.66,21,1
2026-08-05,74,47,0.6351,321.62,204.27,15116.14,22,2
2026-08-06,74,55,0.7432,319.01,237.1,17545.55,24,5
2026-08-07,74,69,0.9324,337.19,314.41,23266.11,26,3
2026-08-08,74,74,1.0,353.47,353.47,26156.78,19,2
2026-08-09,74,72,0.973,337.64,328.51,24310.08,18,3
2026-08-10,74,74,1.0,329.86,329.86,24409.64,17,0
2026-08-11,74,51,0.6892,325.84,224.57,16617.84,23,1
2026-08-12,74,46,0.6216,318.57,198.03,14654.22,37,2
2026-08-13,74,57,0.7703,322.32,248.27,18372.24,18,3
2026-08-14,74,69,0.9324,342.94,319.77,23662.86,24,5
2026-08-15,74,74,1.0,348.05,348.05,25755.7,31,0
2026-08-16,74,74,1.0,339.45,339.45,25119.3,30,1
2026-08-17,74,74,1.0,331.96,331.96,24565.04,16,3
2026-08-18,74,66,0.8919,325.43,290.25,21478.38,22,5
2026-08-19,74,51,0.6892,318.01,219.17,16218.51,28,3
2026-08-20,74,48,0.6486,316.3,205.17,15182.4,26,4
2026-08-21,74,71,0.9595,336.28,322.65,23875.88,28,4
2026-08-22,74,74,1.0,347.53,347.53,25717.22,26,0
2026-08-23,74,74,1.0,331.95,331.95,24564.3,29,1
2026-08-24,74,74,1.0,323.85,323.85,23964.9,24,0
2026-08-25,74,66,0.8919,316.58,282.36,20894.28,35,2
2026-08-26,74,53,0.7162,314.49,225.24,16667.97,19,3
2026-08-27,74,59,0.7973,313.65,250.07,18505.35,23,4
2026-08-28,74,71,0.9595,334.93,321.35,23780.03,28,2
2026-08-29,74,74,1.0,342.12,342.12,25316.88,26,2
2026-08-30,74,65,0.8784,334.79,294.07,21761.35,32,4
2026-08-31,74,70,0.9459,329.1,311.31,23037.0,30,2
